{"cameraMode":{"drawMode":0,"name":"Shaded","section":"Shading Mode"},"sceneLighting":true,"audioPlay":false,"sceneViewState":{"m_AlwaysRefresh":false,"showFog":true,"showSkybox":true,"showFlares":true,"showImageEffects":true,"showParticleSystems":true,"showVisualEffectGraphs":true,"m_FxEnabled":true},"in2DMode":false,"pivot":{"x":158.87966918945313,"y":-5.660861968994141,"z":169.07333374023438},"rotation":{"x":0.22921216487884522,"y":0.3307233154773712,"z":-0.08314871042966843,"w":0.9116886854171753},"size":57.14128112792969,"orthographic":false}