{"cameraMode":{"drawMode":0,"name":"Shaded","section":"Shading Mode"},"sceneLighting":false,"audioPlay":false,"sceneViewState":{"m_AlwaysRefresh":false,"showFog":true,"showSkybox":false,"showFlares":true,"showImageEffects":true,"showParticleSystems":true,"showVisualEffectGraphs":true,"m_FxEnabled":true},"in2DMode":false,"pivot":{"x":150.12745666503907,"y":8.85495662689209,"z":898.9254150390625},"rotation":{"x":0.031957849860191348,"y":0.9645466804504395,"z":-0.22228483855724336,"w":0.13867639005184174},"size":12.263873100280762,"orthographic":false}