{"cameraMode":{"drawMode":0,"name":"Shaded","section":"Shading Mode"},"sceneLighting":false,"audioPlay":false,"sceneViewState":{"m_AlwaysRefresh":false,"showFog":true,"showSkybox":false,"showFlares":true,"showImageEffects":true,"showParticleSystems":true,"showVisualEffectGraphs":true,"m_FxEnabled":true},"in2DMode":false,"pivot":{"x":0.008497089147567749,"y":0.5903304219245911,"z":-0.07164061069488526},"rotation":{"x":0.11345653235912323,"y":0.8766242861747742,"z":-0.3933814764022827,"w":0.2528376579284668},"size":0.803887128829956,"orthographic":false}