{"cameraMode":{"drawMode":0,"name":"Shaded","section":"Shading Mode"},"sceneLighting":true,"audioPlay":false,"sceneViewState":{"m_AlwaysRefresh":false,"showFog":true,"showSkybox":false,"showFlares":true,"showImageEffects":true,"showParticleSystems":true,"showVisualEffectGraphs":true,"m_FxEnabled":true},"in2DMode":false,"pivot":{"x":319.70001220703127,"y":20.600133895874025,"z":741.6500244140625},"rotation":{"x":0.4536496698856354,"y":0.1367095559835434,"z":-0.07065460085868836,"w":0.8777982592582703},"size":19.154809951782228,"orthographic":false}